<?xml version="1.0" encoding="UTF-8" standalone="yes"?>
<addon id="shell.python.subliminal"
       name="subliminal"
       version="0.5.1"
       provider-name="queeup">
  <requires>
    <import addon="os.openelec.tv" version="2.0" optional="false"/>
    <import addon="xbmc.python" version="2.0"/>
  </requires>
  <extension point="xbmc.python.script"
             library="default.py">
    <provides>executable</provides>
  </extension>
  <extension point="xbmc.addon.metadata">
    <summary>subliminal: Python module to search and download subtitles.</summary>
    <description>subliminal: Python module to search and download subtitles.</description>
    <disclaimer>This add-on just for OpenELEC.</disclaimer>
    <platform>all</platform>
  </extension>
</addon>