<?xml version="1.0" encoding="UTF-8" standalone="yes"?>
<addon id="script.module.requests"
       name="requests"
       version="0.12.1"
       provider-name="www.python-requests.org, queeup">
  <requires>
    <import addon="xbmc.python" 
            version="2.0"/>
  </requires>
  <extension point="xbmc.python.module"
             library="lib" />
  <extension point="xbmc.addon.metadata">
    <summary>Requests is an ISC Licensed HTTP library, written in Python, for human beings.</summary>
    <description>Most existing Python modules for sending HTTP requests are extremely
verbose and cumbersome. Python's builtin urllib2 module provides most of
the HTTP capabilities you should need, but the api is thoroughly broken.
It requires an enormous amount of work (even method overrides) to
perform the simplest of tasks.</description>
    <license>ISC</license>
    <platform>all</platform>
  </extension>
</addon>