<?xml version="1.0" encoding="UTF-8" standalone="yes"?>
<addon id="script.module.feedparser"
       name="feedparser"
       version="5.1.3"
       provider-name="http://code.google.com/p/feedparser/">
  <requires>
    <import addon="xbmc.python" 
            version="2.1.0"/>
  </requires>
  <extension point="xbmc.python.module"
             library="lib" />
  <extension point="xbmc.addon.metadata">
    <summary>Universal feed parser, handles RSS 0.9x, RSS 1.0, RSS 2.0, CDF, Atom 0.3, and Atom 1.0 feeds</summary>
    <description>Universal feed parser
    
    Handles RSS 0.9x, RSS 1.0, RSS 2.0, CDF, Atom 0.3, and Atom 1.0 feeds
    
    Visit http://feedparser.org/ for the latest version
    Visit http://feedparser.org/docs/ for the latest documentation
    
    Required: Python 2.4 or later
    Recommended: CJKCodecs and iconv_codec http://cjkpython.i18n.org/</description>
    <license>UNKNOWN</license>
    <platform>all</platform>
  </extension>
</addon>