<?xml version="1.0" encoding="UTF-8" standalone="yes"?>
<addon id="shell.python.tvnamer"
       name="tvnamer"
       version="2.2.1.2"
       provider-name="queeup, dbr">
  <requires>
    <import addon="os.openelec.tv" version="3.0" optional="false"/>
    <import addon="xbmc.python" version="2.1.0"/>
  </requires>
  <extension point="xbmc.python.script"
             library="default.py">
    <provides>executable</provides>
  </extension>
  <extension point="xbmc.addon.metadata">
    <summary>Automatic TV episode file renamer.</summary>
    <summary lang="tr">TV bölümleri için otomatik dosya isimlendirici.</summary>
    <description>Automatic TV episode file renamer, uses data from thetvdb.com via tvdb_api.
    
This add-on just for [COLOR FF757677]Open[/COLOR][COLOR FF8ABEE2]ELEC[/COLOR] and it's for console use only. If you are not on [COLOR FF757677]Open[/COLOR][COLOR FF8ABEE2]ELEC[/COLOR] it's going to be shown as Broken.

Please reboot your [COLOR FF757677]Open[/COLOR][COLOR FF8ABEE2]ELEC[/COLOR] after install.</description>
    <description lang="tr">TV bölümleri için otomatik dosya isimlendirici, tvdb_api ile thetvdb.com verilerini kullanır.
    
Bu eklenti sadece [COLOR FF757677]Open[/COLOR][COLOR FF8ABEE2]ELEC[/COLOR] ile ve konsolda çalışır. Eğer [COLOR FF757677]Open[/COLOR][COLOR FF8ABEE2]ELEC[/COLOR] kullanmıyorsanız eklenti Bozuk olarak görünür.

Lütfen yükledikten sonra [COLOR FF757677]Open[/COLOR][COLOR FF8ABEE2]ELEC[/COLOR]'i yeniden başlatın.</description>
    <disclaimer>This add-on just for [COLOR FF757677]Open[/COLOR][COLOR FF8ABEE2]ELEC[/COLOR] and it's for console use only.</disclaimer>
    <disclaimer lang="tr">Bu eklenti sadece [COLOR FF757677]Open[/COLOR][COLOR FF8ABEE2]ELEC[/COLOR] ile ve konsolda çalışır.</disclaimer>
    <platform>all</platform>
  </extension>
</addon>