<?xml version="1.0" encoding="UTF-8" standalone="yes"?>
<addon id="shell.python.subliminal"
       name="subliminal"
       version="2.1.0"
       provider-name="queeup, Diaoul">
    <requires>
        <import addon="os.libreelec.tv" version="7.0" optional="false"/>
    </requires>
    <extension point="xbmc.python.script"
               library="default.py">
        <provides>executable</provides>
    </extension>
    <extension point="xbmc.addon.metadata">
        <summary>Python module to search and download subtitles.</summary>
        <summary lang="tr">Altyazı aramak ve indirmek için python modülü.</summary>
        <description>Python module to search and download subtitles.

            This add-on just for LibreELEC and it's for console use only. If you are not on LibreELEC it's going to be
            shown as Broken.

            Please reboot your system after install.
        </description>
        <description lang="tr">Altyazı aramak ve indirmek için python modülü.

            Bu eklenti sadece LibreELEC içindir ve yanlızca konsolda çalışır. Eğer LibreELEC kullanmıyorsanız eklenti
            Bozuk olarak görünür.

            Lütfen yükledikten sonra sisteminizi yeniden başlatın.
        </description>
        <disclaimer>This add-on just for LibreELEC and it's for console use only.</disclaimer>
        <disclaimer lang="tr">Bu eklenti sadece LibreELEC içindir ve yanlızca konsolda çalışır.</disclaimer>
        <platform>all</platform>
    </extension>
</addon>
