﻿<?xml version="1.0" encoding="UTF-8" standalone="yes"?>
<addon
  id="repository.queeup"
  name="queeup Add-ons"
  version="2.0.0"
  provider-name="queeup">
  <extension point="xbmc.addon.repository"
             name="Unofficial queeup's Add-on Repository">
    <info compressed="true">http://github.com/queeup/repository.queeup/raw/eden/addons.xml</info>
    <checksum>http://github.com/queeup/repository.queeup/raw/eden/addons.xml.md5</checksum>
    <datadir zip="true">http://github.com/queeup/repository.queeup/raw/eden/download</datadir>
    <hashes>true</hashes>
  </extension>
  <extension point="xbmc.addon.metadata">
    <summary lang="en">Install Add-ons from queeup's repository</summary>
    <summary lang="tr">queeup'un deposundan eklentileri indirin</summary>
    <description lang="en">Download and install add-ons from the unofficial queeup's addon repository.</description>
    <description lang="tr">Download and install add-ons from the unofficial queeup's addon repository.</description>
    <disclaimer lang="en">I do not host any of the online video, audio, and photo files that some of the addons link to stored on third-party websites, nor do they upload such files themselves. They are not responsible for what other people upload to any third-party sites. Therefore we urge all copyright owners, to recognize that the links contained within these addons are located somewhere else on the web. The scraped embedded links point to the location of each video on the web. Please direct all copyright infringement issues to the companies that host these files :- Google, Dailymotion, Veoh, and so forth.</disclaimer>
    <disclaimer lang="tr">I do not host any of the online video, audio, and photo files that some of the addons link to stored on third-party websites, nor do they upload such files themselves. They are not responsible for what other people upload to any third-party sites. Therefore we urge all copyright owners, to recognize that the links contained within these addons are located somewhere else on the web. The scraped embedded links point to the location of each video on the web. Please direct all copyright infringement issues to the companies that host these files :- Google, Dailymotion, Veoh, and so forth.</disclaimer>
    <platform>all</platform>
  </extension>
</addon>