<?xml version="1.0" encoding="UTF-8" standalone="yes"?>
<addon id="shell.python.tvnamer"
       name="tvnamer"
       version="2.2.1"
       provider-name="queeup, dbr">
  <requires>
    <import addon="os.openelec.tv" version="2.0" optional="false"/>
    <import addon="xbmc.python" version="2.0"/>
  </requires>
  <extension point="xbmc.python.script"
             library="default.py">
    <provides>executable</provides>
  </extension>
  <extension point="xbmc.addon.metadata">
    <summary>Automatic TV episode file renamer.</summary>
    <description>Automatic TV episode file renamer, uses data from thetvdb.com via tvdb_api.
    
    This add-on just for OpenELEC and it's for console use only. If you are not on OpenELEC it's going to be shown as Broken.</description>
    <disclaimer>This add-on just for OpenELEC and it's for console use only.</disclaimer>
    <platform>all</platform>
  </extension>
</addon>