<?xml version="1.0" encoding="UTF-8"?>
<addon
  id="plugin.audio.google.listen"
  version="1.0.2"
  name="Google Listen"
  provider-name="queeup">
  <requires>
    <import addon="xbmc.python"
            version="1.0"/>
    <import addon="script.module.simplejson"
            version="2.0.10"/>
    <import addon="script.module.beautifulsoup"
            version="3.0.8"/>
  </requires>
  <extension point="xbmc.python.pluginsource"
             library="addon.py">
    <provides>audio</provides>
  </extension>
  <extension point="xbmc.addon.metadata">
    <summary>Google Listen audio add-on</summary>
    <description>Listen is a research Android app providing a personalized audio news-magazine loaded with fresh and interesting content whenever it is turned on. Start with directed search and streaming and then sit back or multi-task and Listen to content matching your favorite programs and queries like "ABC Nightline," "Bernanke," and "Fantasy Baseball." Currently we are indexing audio files from thousands of English-only RSS feeds but we plan to index all web audio, talking head videos, and short personalized text-to-speech segments in the future.</description>
    <license>WTFPL</license>
    <platform>all</platform>
  </extension>
</addon>