<?xml version="1.0" encoding="UTF-8"?>
<addon
  id="plugin.video.openfilm"
  version="1.0.1"
  name="OpenFilm"
  provider-name="queeup">
  <requires>
    <import addon="xbmc.python"
            version="1.0"/>
    <import addon="script.module.beautifulsoup"
            version="3.0.8"/>
  </requires>
  <extension point="xbmc.python.pluginsource"
             library="addon.py">
    <provides>video</provides>
  </extension>
  <extension point="xbmc.addon.metadata">
    <summary>OpenFilm.com video add-on</summary>
    <description>Openfilm brings the best elements of the film industry together. With an innovative platform designed to change the process of discovering great independent film, Openfilm is dedicated to developing, marketing and distributing great works.</description>
    <license>WTFPL</license>
    <platform>all</platform>
    <nofanart>true</nofanart>
  </extension>
</addon>