﻿<?xml version="1.0" encoding="UTF-8" standalone="yes"?>
<addon
        id="repository.queeup"
        name="queeup Add-ons"
        version="5.0.0"
        provider-name="queeup">
    <requires>
        <import addon="xbmc.addon"
                version="16.0.0"/>
    </requires>
    <extension point="xbmc.addon.repository"
               name="Unofficial queeup's Add-on Repository">
        <dir minversion="18.9.0">
            <info compressed="true">http://raw.github.com/queeup/repository.queeup/matrix/addons.xml</info>
            <checksum>http://raw.github.com/queeup/repository.queeup/matrix/addons.xml.md5</checksum>
            <datadir zip="true">http://raw.github.com/queeup/repository.queeup/matrix/download</datadir>
            <hashes>false</hashes>
        </dir>
        <dir minversion="17.9.0">
            <info compressed="true">http://raw.github.com/queeup/repository.queeup/jarvis/addons.xml</info>
            <checksum>http://raw.github.com/queeup/repository.queeup/jarvis/addons.xml.md5</checksum>
            <datadir zip="true">http://raw.github.com/queeup/repository.queeup/jarvis/download</datadir>
            <hashes>false</hashes>
        </dir>
        <dir minversion="16.0.0">
            <info compressed="true">http://raw.github.com/queeup/repository.queeup/jarvis/addons.xml</info>
            <checksum>http://raw.github.com/queeup/repository.queeup/jarvis/addons.xml.md5</checksum>
            <datadir zip="true">http://raw.github.com/queeup/repository.queeup/jarvis/download</datadir>
            <hashes>false</hashes>
        </dir>

    </extension>
    <extension point="xbmc.addon.metadata">
        <summary lang="en">Install Add-ons from queeup's repository</summary>
        <summary lang="tr">queeup'un deposundan eklentileri yükleyin</summary>
        <description lang="en">Download and install add-ons from the unofficial queeup's addon repository.</description>
        <description lang="tr">queeup'un resmi olmayan eklenti deposundan eklentileri indirin ve yükleyin.</description>
        <disclaimer lang="en">I do not host any of the online video, audio, and photo files that some of the addons link
            to stored on third-party websites, nor do they upload such files themselves. They are not responsible for
            what other people upload to any third-party sites. Therefore we urge all copyright owners, to recognize that
            the links contained within these addons are located somewhere else on the web. The scraped embedded links
            point to the location of each video on the web. Please direct all copyright infringement issues to the
            companies that host these files :- Google, Dailymotion, Veoh, and so forth.
        </disclaimer>
        <disclaimer lang="tr">I do not host any of the online video, audio, and photo files that some of the addons link
            to stored on third-party websites, nor do they upload such files themselves. They are not responsible for
            what other people upload to any third-party sites. Therefore we urge all copyright owners, to recognize that
            the links contained within these addons are located somewhere else on the web. The scraped embedded links
            point to the location of each video on the web. Please direct all copyright infringement issues to the
            companies that host these files :- Google, Dailymotion, Veoh, and so forth.
        </disclaimer>
        <platform>all</platform>
        <nofanart>true</nofanart>
    </extension>
</addon>