<?xml version="1.0" encoding="UTF-8" standalone="yes"?>
<addon id="shell.python.tvnamer"
       name="tvnamer"
       version="3.0.1"
       provider-name="queeup, dbr">
  <requires>
    <import addon="os.libreelec.tv" version="8.0" optional="false"/>
  </requires>
  <extension point="xbmc.python.script"
             library="default.py">
    <provides>executable</provides>
  </extension>
  <extension point="xbmc.addon.metadata">
    <summary>Automatic TV episode file renamer.</summary>
    <summary lang="tr">TV bölümleri için otomatik dosya isimlendirici.</summary>
    <description>Automatic TV episode file renamer, uses data from thetvdb.com via tvdb_api.
    
This add-on just for LibreELEC and it's for console use only. If you are not on LibreELEC it's going to be shown as Broken.

Please reboot your LibreELEC after install.</description>
    <description lang="tr">TV bölümleri için otomatik dosya isimlendirici, tvdb_api ile thetvdb.com verilerini kullanır.
    
Bu eklenti sadece LibreELEC ile ve konsolda çalışır. Eğer LibreELEC kullanmıyorsanız eklenti Bozuk olarak görünür.

Lütfen yükledikten sonra LibreELEC'i yeniden başlatın.</description>
    <disclaimer>This add-on just for LibreELEC and it's for console use only.</disclaimer>
    <disclaimer lang="tr">Bu eklenti sadece LibreELEC ile ve konsolda çalışır.</disclaimer>
    <platform>all</platform>
  </extension>
</addon>